"group","Estimate","Std.Error","CI.Lower","CI.Upper","p.value","Signif","estimate_exp","conf.low_exp","conf.high_exp","adj_p","question_type","label_type","demographic"
"controversy guided",0.0416,0.023,-0.0035,0.0867,0.0354,"*",1.0424774043797,0.996506117860415,1.0905694597998,0.1062,"hobsons_c","gold_standard_labels_hobsons_c","conversation_type"
"unguided",0.0474,0.0203,0.0077,0.0872,0.0097,"**",1.04854134174423,1.00772972123553,1.09111488087361,0.0291,"hobsons_c","gold_standard_labels_hobsons_c","conversation_type"
"values guided",0.0636,0.0252,0.0142,0.1131,0.0058,"**",1.06566604707802,1.0143012989136,1.11974390174023,0.0174,"hobsons_c","gold_standard_labels_hobsons_c","conversation_type"
"Female",0.0616,0.0203,0.0218,0.1014,0.0012,"**",1.06353684489578,1.02203935615706,1.10671924093406,0.0036,"hobsons_c","gold_standard_labels_hobsons_c","gender"
"Male",0.0415,0.0172,0.0078,0.0753,0.008,"**",1.04237316185147,1.00783049924647,1.07820756463953,0.024,"hobsons_c","gold_standard_labels_hobsons_c","gender"
"Non-binary / third gender",0.0036,0.0322,-0.0595,0.0668,0.4552,"",1.003606487783,0.94223553359123,1.06908164046345,1,"hobsons_c","gold_standard_labels_hobsons_c","gender"
"Asian",0.0334,0.0518,-0.0681,0.1349,0.2594,"",1.03396404215207,0.934167052201002,1.14442233639537,1,"hobsons_c","gold_standard_labels_hobsons_c","ethnicity_simplified"
"Black",0.0434,0.0391,-0.0333,0.1201,0.1338,"",1.04435555353472,0.967248341556037,1.12760960690221,0.8028,"hobsons_c","gold_standard_labels_hobsons_c","ethnicity_simplified"
"Hispanic",0.0396,0.0401,-0.0389,0.1181,0.1614,"",1.04039453313647,0.961846889026195,1.12535664140489,0.9684,"hobsons_c","gold_standard_labels_hobsons_c","ethnicity_simplified"
"Mixed",-0.0319,0.0207,-0.0724,0.0087,0.0617,".",0.9686034375801,0.930158757885428,1.00873795498962,0.3702,"hobsons_c","gold_standard_labels_hobsons_c","ethnicity_simplified"
"Other",0.0088,0.0156,-0.0216,0.0393,0.2851,"",1.00883883382898,0.978631609414885,1.0400824615896,1,"hobsons_c","gold_standard_labels_hobsons_c","ethnicity_simplified"
"White",0.0623,0.0169,0.0291,0.0955,1e-04,"***",1.06428158131455,1.02952754208187,1.10020882203394,6e-04,"hobsons_c","gold_standard_labels_hobsons_c","ethnicity_simplified"
"Christian",0.0356,0.0204,-0.0043,0.0755,0.0402,"*",1.03624126707374,0.995709231763066,1.07842322771805,0.201,"hobsons_c","gold_standard_labels_hobsons_c","religion_simplified"
"Jewish",0.0203,0.0131,-0.0053,0.046,0.0599,".",1.02050744634242,0.994714020220009,1.04707441095694,0.2995,"hobsons_c","gold_standard_labels_hobsons_c","religion_simplified"
"Muslim",0.1343,0.1506,-0.1609,0.4294,0.1863,"",1.14373588894836,0.851377204570864,1.53633544568517,0.9315,"hobsons_c","gold_standard_labels_hobsons_c","religion_simplified"
"No Affiliation",0.0534,0.0169,0.0203,0.0865,8e-04,"***",1.05485150134302,1.02050744634242,1.09035136771778,0.004,"hobsons_c","gold_standard_labels_hobsons_c","religion_simplified"
"Other",0.1687,0.1667,-0.158,0.4955,0.1557,"",1.18376495616237,0.853849781968482,1.64131869327303,0.7785,"hobsons_c","gold_standard_labels_hobsons_c","religion_simplified"
"Africa",0.0252,0.0432,-0.0594,0.1098,0.2798,"",1.0255202040562,0.942329761855924,1.11605483716885,1,"hobsons_c","gold_standard_labels_hobsons_c","location_special_region"
"Asia",0.0697,0.0829,-0.0928,0.2322,0.2003,"",1.07218647705788,0.911375757221285,1.26137197799817,1,"hobsons_c","gold_standard_labels_hobsons_c","location_special_region"
"Australia and New Zealand",0.037,0.0389,-0.0392,0.1132,0.1708,"",1.03769302083816,0.961558378238269,1.11985588172931,1,"hobsons_c","gold_standard_labels_hobsons_c","location_special_region"
"Europe",0.0418,0.0234,-0.004,0.0876,0.0369,"*",1.04268592071151,0.996007989343991,1.09155141412679,0.369,"hobsons_c","gold_standard_labels_hobsons_c","location_special_region"
"Latin America and the Caribbean",0.0396,0.0378,-0.0345,0.1138,0.1475,"",1.04039453313647,0.966088339686492,1.12052799687272,1,"hobsons_c","gold_standard_labels_hobsons_c","location_special_region"
"Middle East",0.0168,0.0128,-0.0083,0.0419,0.0944,".",1.01694191360233,0.991734349899582,1.04279019451719,0.944,"hobsons_c","gold_standard_labels_hobsons_c","location_special_region"
"Northern America",1e-04,0.0185,-0.036,0.0363,0.497,"",1.00010000500017,0.964640293483123,1.03696688989905,1,"hobsons_c","gold_standard_labels_hobsons_c","location_special_region"
"Oceania",0.0448,7e-04,0.0434,0.0462,0,"***",1.0458186752559,1.04435555353472,1.04728384678201,0,"hobsons_c","gold_standard_labels_hobsons_c","location_special_region"
"UK",0.0898,0.0388,0.0138,0.1657,0.0103,"*",1.0939554707305,1.01389565952732,1.18021898291324,0.103,"hobsons_c","gold_standard_labels_hobsons_c","location_special_region"
"US",0.0526,0.0281,-0.0024,0.1076,0.0304,"*",1.05400795760443,0.997602877697382,1.11360221540025,0.304,"hobsons_c","gold_standard_labels_hobsons_c","location_special_region"
"Completed Secondary School",0.049,0.0354,-0.0204,0.1184,0.0831,".",1.05022035074003,0.979806672242872,1.12569429904342,0.4986,"hobsons_c","gold_standard_labels_hobsons_c","education_recode"
"Graduate / Professional degree",0.0661,0.0364,-0.0052,0.1374,0.0346,"*",1.06833354517902,0.994813496595767,1.14728697153829,0.2076,"hobsons_c","gold_standard_labels_hobsons_c","education_recode"
"Primary &/or Secondary Education",0.0272,0.0117,0.0043,0.05,0.0099,"**",1.02757329687277,1.00430925826542,1.05127109637602,0.0594,"hobsons_c","gold_standard_labels_hobsons_c","education_recode"
"Some University but no degree",0.0084,0.0231,-0.0369,0.0536,0.3584,"",1.0084353789918,0.96377250778113,1.05506249274173,1,"hobsons_c","gold_standard_labels_hobsons_c","education_recode"
"University Bachelors Degree",0.038,0.0166,0.0054,0.0706,0.0112,"*",1.0387312328785,1.00541460627947,1.07315187925306,0.0672,"hobsons_c","gold_standard_labels_hobsons_c","education_recode"
"Vocational",0.1748,0.0826,0.0129,0.3367,0.0172,"*",1.19100799119237,1.01298356393833,1.40031890504637,0.1032,"hobsons_c","gold_standard_labels_hobsons_c","education_recode"
"controversy guided",0.0547,0.0257,0.0044,0.105,0.0165,"*",1.05622370003067,1.00440969421296,1.11071061035571,0.0495,"why_q","gold_standard_labels_why_q","conversation_type"
"unguided",0.0754,0.0253,0.0257,0.1251,0.0015,"**",1.07831539078722,1.02603309236962,1.13326177357806,0.0045,"why_q","gold_standard_labels_why_q","conversation_type"
"values guided",0.0029,0.0048,-0.0065,0.0122,0.2757,"",1.00290420906778,0.993521079303448,1.01227472356665,0.8271,"why_q","gold_standard_labels_why_q","conversation_type"
"Female",0.061,0.0205,0.0209,0.1011,0.0014,"**",1.0628989141872,1.0211199345383,1.10638727495917,0.0042,"why_q","gold_standard_labels_why_q","gender"
"Male",0.0342,0.0158,0.0034,0.0651,0.0149,"*",1.03479154434254,1.00340578655624,1.0672657456226,0.0447,"why_q","gold_standard_labels_why_q","gender"
"Non-binary / third gender",0.0115,0.0201,-0.0279,0.051,0.2829,"",1.0115663792096,0.972485610500031,1.0523228932832,0.8487,"why_q","gold_standard_labels_why_q","gender"
"Asian",0.0356,0.0513,-0.0649,0.1362,0.2436,"",1.03624126707374,0.937161174809235,1.14591105288875,1,"why_q","gold_standard_labels_why_q","ethnicity_simplified"
"Black",-0.0015,0.0094,-0.02,0.017,0.437,"",0.998501124437711,0.980198673306755,1.01714532232524,1,"why_q","gold_standard_labels_why_q","ethnicity_simplified"
"Hispanic",-0.0021,0.0096,-0.0209,0.0168,0.4144,"",0.99790220345731,0.979316891362175,1.01694191360233,1,"why_q","gold_standard_labels_why_q","ethnicity_simplified"
"Mixed",0.2023,0.1204,-0.0337,0.4383,0.0465,"*",1.22421521759246,0.966861519588965,1.55006985863093,0.279,"why_q","gold_standard_labels_why_q","ethnicity_simplified"
"Other",0.0033,0.0173,-0.0305,0.0371,0.4237,"",1.00330545099444,0.96996043206721,1.03779679532888,1,"why_q","gold_standard_labels_why_q","ethnicity_simplified"
"White",0.0509,0.0155,0.0206,0.0812,5e-04,"***",1.05221766625531,1.02081364450375,1.08458779243494,0.003,"why_q","gold_standard_labels_why_q","ethnicity_simplified"
"Christian",0.0374,0.0204,-0.0025,0.0773,0.0331,"*",1.038108181073,0.99750312239746,1.08036613762227,0.1655,"why_q","gold_standard_labels_why_q","religion_simplified"
"Jewish",0.0207,0.0131,-0.005,0.0465,0.0572,".",1.02091573097243,0.995012479192682,1.04759807906853,0.286,"why_q","gold_standard_labels_why_q","religion_simplified"
"Muslim",-0.0303,0.0234,-0.0762,0.0156,0.0978,".",0.970154443554126,0.926630861853159,1.01572231521139,0.489,"why_q","gold_standard_labels_why_q","religion_simplified"
"No Affiliation",0.0521,0.0169,0.0189,0.0854,0.001,"**",1.05348108535467,1.01907973554828,1.08915264063406,0.005,"why_q","gold_standard_labels_why_q","religion_simplified"
"Other",0.1708,0.1654,-0.1534,0.495,0.1509,"",1.18625347460014,0.857786538563895,1.64049823905704,0.7545,"why_q","gold_standard_labels_why_q","religion_simplified"
"Africa",0.0323,0.0425,-0.051,0.1157,0.2235,"",1.03282730702464,0.950278670532427,1.12265902390138,1,"why_q","gold_standard_labels_why_q","location_special_region"
"Asia",0.0629,0.083,-0.0998,0.2256,0.2243,"",1.06492034187234,0.905018403617522,1.25307433528476,1,"why_q","gold_standard_labels_why_q","location_special_region"
"Australia and New Zealand",-0.0021,0.0091,-0.02,0.0158,0.41,"",0.99790220345731,0.980198673306755,1.01592547999023,1,"why_q","gold_standard_labels_why_q","location_special_region"
"Europe",0.0439,0.0236,-0.0023,0.0902,0.0314,"*",1.04487786187769,0.997702642973332,1.0943931404469,0.314,"why_q","gold_standard_labels_why_q","location_special_region"
"Latin America and the Caribbean",0.002,0.0088,-0.0153,0.0194,0.4085,"",1.002002001334,0.984816450346786,1.01958940282226,1,"why_q","gold_standard_labels_why_q","location_special_region"
"Middle East",0.0172,0.0133,-0.0089,0.0433,0.0979,".",1.01734877173397,0.991139487766128,1.04425112320097,0.979,"why_q","gold_standard_labels_why_q","location_special_region"
"Northern America",0.0094,0.0131,-0.0162,0.035,0.2358,"",1.00944431875659,0.983930514272508,1.03561970879962,1,"why_q","gold_standard_labels_why_q","location_special_region"
"Oceania",0.0455,0.0044,0.0368,0.0541,0,"***",1.04655100461395,1.03748550298647,1.05559015589289,0,"why_q","gold_standard_labels_why_q","location_special_region"
"UK",0.0694,0.0353,3e-04,0.1385,0.0245,"*",1.07186486935833,1.0003000450045,1.14854968157018,0.245,"why_q","gold_standard_labels_why_q","location_special_region"
"US",0.0814,0.0358,0.0112,0.1515,0.0115,"*",1.08480473168663,1.01126295481177,1.16357830180968,0.115,"why_q","gold_standard_labels_why_q","location_special_region"
"Completed Secondary School",0.1061,0.0499,0.0083,0.2039,0.0167,"*",1.11193306425348,1.0083345404959,1.22617552977215,0.1002,"why_q","gold_standard_labels_why_q","education_recode"
"Graduate / Professional degree",0.0466,0.0297,-0.0117,0.1048,0.0586,".",1.04770284411461,0.988368178843463,1.11048849044637,0.3516,"why_q","gold_standard_labels_why_q","education_recode"
"Primary &/or Secondary Education",0.02,0.0125,-0.0045,0.0446,0.0551,".",1.02020134002676,0.99551010982957,1.04560953243583,0.3306,"why_q","gold_standard_labels_why_q","education_recode"
"Some University but no degree",0.0116,0.0238,-0.0349,0.0582,0.3122,"",1.01166754090552,0.96570198162738,1.05992695990514,1,"why_q","gold_standard_labels_why_q","education_recode"
"University Bachelors Degree",0.043,0.0183,0.007,0.0789,0.0096,"**",1.04393789485061,1.00702455726685,1.08209610704895,0.0576,"why_q","gold_standard_labels_why_q","education_recode"
"Vocational",0.0428,0.0426,-0.0407,0.1262,0.1576,"",1.04372912814901,0.960117121883414,1.13450904740384,0.9456,"why_q","gold_standard_labels_why_q","education_recode"
"controversy guided",0.3546,0.0541,0.2486,0.4607,0,"***",1.42561029609901,1.28222903886226,1.58518322497268,0,"whether_q","gold_standard_labels_whether_q","conversation_type"
"unguided",0.2573,0.0418,0.1754,0.3391,0,"***",1.29343309849023,1.19172281041141,1.4036837065652,0,"whether_q","gold_standard_labels_whether_q","conversation_type"
"values guided",0.2817,0.0479,0.1877,0.3756,0,"***",1.32538104602487,1.20647151959708,1.45586467141781,0,"whether_q","gold_standard_labels_whether_q","conversation_type"
"Female",0.3112,0.0396,0.2335,0.3888,0,"***",1.365062206328,1.26301282789091,1.47520947993091,0,"whether_q","gold_standard_labels_whether_q","gender"
"Male",0.2846,0.039,0.2082,0.361,0,"***",1.329230229677,1.23145943680868,1.43476346087856,0,"whether_q","gold_standard_labels_whether_q","gender"
"Non-binary / third gender",0.0916,0.1155,-0.1347,0.3178,0.2139,"",1.09592636384948,0.873978065782689,1.37410141346101,0.6417,"whether_q","gold_standard_labels_whether_q","gender"
"Asian",0.2527,0.1203,0.0168,0.4885,0.0179,"*",1.28749696980053,1.01694191360233,1.62986958106336,0.1074,"whether_q","gold_standard_labels_whether_q","ethnicity_simplified"
"Black",0.2707,0.0892,0.096,0.4454,0.0012,"**",1.31088174686495,1.10075906399398,1.56111451676686,0.0072,"whether_q","gold_standard_labels_whether_q","ethnicity_simplified"
"Hispanic",0.3243,0.0934,0.1412,0.5074,3e-04,"***",1.38306216353697,1.15165495594437,1.66096706164824,0.0018,"whether_q","gold_standard_labels_whether_q","ethnicity_simplified"
"Mixed",0.0412,0.1106,-0.1755,0.2579,0.3548,"",1.04206049680502,0.839037397173464,1.29420939121385,1,"whether_q","gold_standard_labels_whether_q","ethnicity_simplified"
"Other",0.6331,0.2227,0.1966,1.0696,0.0022,"**",1.88344020330877,1.21725704049616,2.91421358137627,0.0132,"whether_q","gold_standard_labels_whether_q","ethnicity_simplified"
"White",0.3043,0.0326,0.2404,0.3683,0,"***",1.35567569779971,1.27175775169503,1.44527555660997,0,"whether_q","gold_standard_labels_whether_q","ethnicity_simplified"
"Christian",0.2679,0.0473,0.1752,0.3606,0,"***",1.30721641183745,1.19148448968219,1.43418967025998,0,"whether_q","gold_standard_labels_whether_q","religion_simplified"
"Jewish",0.4192,0.163,0.0998,0.7386,0.0051,"**",1.52074447327199,1.10494990599398,2.09300325783267,0.0255,"whether_q","gold_standard_labels_whether_q","religion_simplified"
"Muslim",-0.0036,0.1737,-0.3441,0.3368,0.4917,"",0.996406472230993,0.708858038701232,1.4004589439387,1,"whether_q","gold_standard_labels_whether_q","religion_simplified"
"No Affiliation",0.3151,0.0356,0.2454,0.3848,0,"***",1.37039634373962,1.2781324639535,1.46932042796718,0,"whether_q","gold_standard_labels_whether_q","religion_simplified"
"Other",0.3382,0.2013,-0.0564,0.7329,0.0465,"*",1.40242095955068,0.945160995869086,2.08110707559131,0.2325,"whether_q","gold_standard_labels_whether_q","religion_simplified"
"Africa",0.2842,0.1,0.0882,0.4802,0.0022,"**",1.32869864390938,1.09220654149382,1.61639764939697,0.022,"whether_q","gold_standard_labels_whether_q","location_special_region"
"Asia",0.3076,0.1609,-0.0079,0.623,0.028,"*",1.36015681738314,0.992131122988869,1.86451319951952,0.28,"whether_q","gold_standard_labels_whether_q","location_special_region"
"Australia and New Zealand",0.3262,0.0978,0.1345,0.518,4e-04,"***",1.38569247965671,1.1439646590024,1.67866695621321,0.004,"whether_q","gold_standard_labels_whether_q","location_special_region"
"Europe",0.3076,0.0546,0.2007,0.4145,0,"***",1.36015681738314,1.22225803940439,1.5136137445865,0,"whether_q","gold_standard_labels_whether_q","location_special_region"
"Latin America and the Caribbean",0.3655,0.0913,0.1865,0.5444,0,"***",1.44123444524756,1.2050246220857,1.72357392771444,0,"whether_q","gold_standard_labels_whether_q","location_special_region"
"Middle East",0.3643,0.1462,0.0777,0.6509,0.0064,"**",1.43950600118711,1.08079837051814,1.91726559178684,0.064,"whether_q","gold_standard_labels_whether_q","location_special_region"
"Northern America",0.4744,0.1669,0.1473,0.8015,0.0022,"**",1.60704967835197,1.15870152134991,2.22888174487109,0.022,"whether_q","gold_standard_labels_whether_q","location_special_region"
"Oceania",0.2818,0.0071,0.2679,0.2958,0,"***",1.3255135907566,1.30721641183745,1.3442012896883,0,"whether_q","gold_standard_labels_whether_q","location_special_region"
"UK",0.2504,0.0617,0.1295,0.3714,0,"***",1.28453912959015,1.13825911146278,1.4497628625661,0,"whether_q","gold_standard_labels_whether_q","location_special_region"
"US",0.2418,0.0565,0.131,0.3526,0,"***",1.27353945945182,1.13996778131199,1.42276192482754,0,"whether_q","gold_standard_labels_whether_q","location_special_region"
"Completed Secondary School",0.2328,0.0652,0.1049,0.3606,2e-04,"***",1.26212902827734,1.11059954484804,1.43418967025998,0.0012,"whether_q","gold_standard_labels_whether_q","education_recode"
"Graduate / Professional degree",0.2948,0.0654,0.1666,0.423,0,"***",1.34285776027528,1.18128165812998,1.52653429596646,0,"whether_q","gold_standard_labels_whether_q","education_recode"
"Primary &/or Secondary Education",0.0974,0.0862,-0.0715,0.2663,0.1292,"",1.10230120593104,0.930996277594862,1.30512653792348,0.7752,"whether_q","gold_standard_labels_whether_q","education_recode"
"Some University but no degree",0.3586,0.0836,0.1948,0.5223,0,"***",1.4313241573875,1.21506794859703,1.68590076566916,0,"whether_q","gold_standard_labels_whether_q","education_recode"
"University Bachelors Degree",0.3367,0.0427,0.2531,0.4204,0,"***",1.40031890504637,1.28801207160194,1.52257046201404,0,"whether_q","gold_standard_labels_whether_q","education_recode"
"Vocational",0.1274,0.0796,-0.0287,0.2835,0.0549,".",1.13587127543407,0.971707933124057,1.32776888031386,0.3294,"whether_q","gold_standard_labels_whether_q","education_recode"
"controversy guided",0.2079,0.046,0.1176,0.2981,0,"***",1.23109005438777,1.12479410373032,1.34729651079438,0,"which_q","gold_standard_labels_which_q","conversation_type"
"unguided",0.2112,0.0391,0.1346,0.2878,0,"***",1.2351593622323,1.14407906118831,1.33349057933593,0,"which_q","gold_standard_labels_which_q","conversation_type"
"values guided",0.2679,0.0475,0.1748,0.3611,0,"***",1.30721641183745,1.19100799119237,1.4349069443987,0,"which_q","gold_standard_labels_which_q","conversation_type"
"Female",0.2332,0.0366,0.1615,0.3049,0,"***",1.26263398087244,1.17527245815838,1.35648934728882,0,"which_q","gold_standard_labels_which_q","gender"
"Male",0.2128,0.0352,0.1439,0.2817,0,"***",1.2371371990594,1.15476862588829,1.32538104602487,0,"which_q","gold_standard_labels_which_q","gender"
"Non-binary / third gender",0.5289,0.262,0.0155,1.0424,0.0217,"*",1.69706451055634,1.01562074805831,2.83601528985343,0.0651,"which_q","gold_standard_labels_which_q","gender"
"Asian",0.1143,0.1008,-0.0831,0.3118,0.1282,"",1.12108840096051,0.920259116707005,1.36588148941215,0.7692,"which_q","gold_standard_labels_which_q","ethnicity_simplified"
"Black",0.4078,0.1053,0.2014,0.6142,1e-04,"***",1.50350642981202,1.22311391955508,1.84817746601099,6e-04,"which_q","gold_standard_labels_which_q","ethnicity_simplified"
"Hispanic",0.2414,0.0874,0.0701,0.4128,0.0029,"**",1.27303014553761,1.07261543743506,1.51104278715369,0.0174,"which_q","gold_standard_labels_which_q","ethnicity_simplified"
"Mixed",0.2038,0.1308,-0.0526,0.4602,0.0597,".",1.22605291834985,0.948759440367809,1.58439083147507,0.3582,"which_q","gold_standard_labels_which_q","ethnicity_simplified"
"Other",0.1847,0.1423,-0.0943,0.4637,0.0972,".",1.20285752873507,0.910009718370723,1.58994591511078,0.5832,"which_q","gold_standard_labels_which_q","ethnicity_simplified"
"White",0.2167,0.029,0.1598,0.2736,0,"***",1.24197145480702,1.17327619228626,1.31468882152099,0,"which_q","gold_standard_labels_which_q","ethnicity_simplified"
"Christian",0.2405,0.0459,0.1506,0.3304,0,"***",1.2718849338292,1.16253155244592,1.39152462700745,0,"which_q","gold_standard_labels_which_q","religion_simplified"
"Jewish",0.2389,0.1264,-0.0089,0.4867,0.0294,"*",1.26985154507986,0.991139487766128,1.62693845462265,0.147,"which_q","gold_standard_labels_which_q","religion_simplified"
"Muslim",0.3294,0.2268,-0.1151,0.774,0.0732,".",1.3901337979109,0.891277011749123,2.16842261999065,0.366,"which_q","gold_standard_labels_which_q","religion_simplified"
"No Affiliation",0.2179,0.0315,0.1562,0.2796,0,"***",1.24346271513003,1.16905999170857,1.32260066624878,0,"which_q","gold_standard_labels_which_q","religion_simplified"
"Other",0.1571,0.1574,-0.1514,0.4656,0.1591,"",1.17011261931248,0.859503828358387,1.59296968402031,0.7955,"which_q","gold_standard_labels_which_q","religion_simplified"
"Africa",0.2159,0.0941,0.0315,0.4003,0.0109,"*",1.24097827496808,1.03200137559565,1.49227231218939,0.109,"which_q","gold_standard_labels_which_q","location_special_region"
"Asia",0.1499,0.138,-0.1205,0.4204,0.1386,"",1.16171806511299,0.886477087345378,1.52257046201404,1,"which_q","gold_standard_labels_which_q","location_special_region"
"Australia and New Zealand",0.2128,0.0859,0.0443,0.3812,0.0066,"**",1.2371371990594,1.04529589662382,1.46404038420771,0.066,"which_q","gold_standard_labels_which_q","location_special_region"
"Europe",0.2474,0.0518,0.1458,0.3489,0,"***",1.28069128685137,1.15696477195557,1.41750743251096,0,"which_q","gold_standard_labels_which_q","location_special_region"
"Latin America and the Caribbean",0.2366,0.083,0.074,0.3992,0.0022,"**",1.26693424270995,1.07680680549622,1.49063171513978,0.022,"which_q","gold_standard_labels_which_q","location_special_region"
"Middle East",0.2068,0.1139,-0.0165,0.4301,0.0348,"*",1.22973659986441,0.983635379390672,1.53741125698718,0.348,"which_q","gold_standard_labels_which_q","location_special_region"
"Northern America",0.2474,0.1276,-0.0027,0.4976,0.0263,"*",1.28069128685137,0.997303641721713,1.64476908417133,0.263,"which_q","gold_standard_labels_which_q","location_special_region"
"Oceania",0.2346,0.01,0.215,0.2542,0,"***",1.26440290640461,1.23986189696606,1.28942966441381,0,"which_q","gold_standard_labels_which_q","location_special_region"
"UK",0.1858,0.0548,0.0783,0.2933,4e-04,"***",1.20418140001239,1.08144704412307,1.34084498359477,0.004,"which_q","gold_standard_labels_which_q","location_special_region"
"US",0.2679,0.0574,0.1555,0.3804,0,"***",1.30721641183745,1.16824193606725,1.46286962026836,0,"which_q","gold_standard_labels_which_q","location_special_region"
"Completed Secondary School",0.1371,0.0555,0.0284,0.2458,0.0067,"**",1.14694283706958,1.02880712497782,1.27864381920332,0.0402,"which_q","gold_standard_labels_which_q","education_recode"
"Graduate / Professional degree",0.226,0.061,0.1065,0.3454,1e-04,"***",1.25357566527819,1.11237792644568,1.41255482860978,6e-04,"which_q","gold_standard_labels_which_q","education_recode"
"Primary &/or Secondary Education",0.341,0.1437,0.0594,0.6225,0.0088,"**",1.40635324086217,1.06119963570979,1.86358117594507,0.0528,"which_q","gold_standard_labels_which_q","education_recode"
"Some University but no degree",0.3327,0.0815,0.173,0.4924,0,"***",1.39472881705561,1.18886610508403,1.6362384837171,0,"which_q","gold_standard_labels_which_q","education_recode"
"University Bachelors Degree",0.2208,0.0374,0.1475,0.2941,0,"***",1.24707399082276,1.15893328482975,1.34191808876648,0,"which_q","gold_standard_labels_which_q","education_recode"
"Vocational",0.1824,0.0815,0.0227,0.3421,0.0126,"*",1.20009413553935,1.02295960562774,1.40790108058289,0.0756,"which_q","gold_standard_labels_which_q","education_recode"
"controversy guided",0.3104,0.0525,0.2075,0.4134,0,"***",1.36397059326638,1.23059771684009,1.51194968486809,0,"whathow_q","gold_standard_labels_whathow_q","conversation_type"
"unguided",0.3475,0.0454,0.2585,0.4365,0,"***",1.41552431061468,1.29498614985287,1.54728224249257,0,"whathow_q","gold_standard_labels_whathow_q","conversation_type"
"values guided",0.3802,0.0522,0.2778,0.4825,0,"***",1.46257707559975,1.32022212637762,1.62011964264204,0,"whathow_q","gold_standard_labels_whathow_q","conversation_type"
"Female",0.2749,0.0388,0.1987,0.351,0,"***",1.31639902838257,1.2198159662128,1.4204873259122,0,"whathow_q","gold_standard_labels_whathow_q","gender"
"Male",0.4156,0.0429,0.3315,0.4996,0,"***",1.51527963577772,1.39305614627833,1.64806191407197,0,"whathow_q","gold_standard_labels_whathow_q","gender"
"Non-binary / third gender",0.3307,0.1976,-0.0566,0.7181,0.0471,"*",1.39194214702043,0.944971982571872,2.05053349344817,0.1413,"whathow_q","gold_standard_labels_whathow_q","gender"
"Asian",0.4849,0.1379,0.2147,0.7551,2e-04,"***",1.62401259946395,1.23948999418518,2.12782429514605,0.0012,"whathow_q","gold_standard_labels_whathow_q","ethnicity_simplified"
"Black",0.2774,0.093,0.095,0.4598,0.0014,"**",1.31969414313075,1.0996588551261,1.58375720187685,0.0084,"whathow_q","gold_standard_labels_whathow_q","ethnicity_simplified"
"Hispanic",0.3136,0.0933,0.1307,0.4965,4e-04,"***",1.36834229014934,1.13962584227102,1.64296083289927,0.0024,"whathow_q","gold_standard_labels_whathow_q","ethnicity_simplified"
"Mixed",0.5142,0.1613,0.1981,0.8303,7e-04,"***",1.67230012641762,1.21908429615604,2.29400683909593,0.0042,"whathow_q","gold_standard_labels_whathow_q","ethnicity_simplified"
"Other",0.1916,0.1478,-0.098,0.4812,0.0973,".",1.21118594567883,0.906648903753921,1.61801485551466,0.5838,"whathow_q","gold_standard_labels_whathow_q","ethnicity_simplified"
"White",0.3388,0.0336,0.2731,0.4046,0,"***",1.40326266461268,1.31403164141894,1.49870289898495,0,"whathow_q","gold_standard_labels_whathow_q","ethnicity_simplified"
"Christian",0.3771,0.0522,0.2748,0.4795,0,"***",1.45805010709193,1.31626739506151,1.61526656696743,0,"whathow_q","gold_standard_labels_whathow_q","religion_simplified"
"Jewish",0.2975,0.1255,0.0515,0.5436,0.0089,"**",1.34648837535278,1.05284918629213,1.72219561996888,0.0445,"whathow_q","gold_standard_labels_whathow_q","religion_simplified"
"Muslim",0.5835,0.261,0.072,1.0951,0.0127,"*",1.792300517517,1.07465534406381,2.98948161660811,0.0635,"whathow_q","gold_standard_labels_whathow_q","religion_simplified"
"No Affiliation",0.3273,0.0357,0.2574,0.3973,0,"***",1.38721758003576,1.29356244826746,1.48780220376803,0,"whathow_q","gold_standard_labels_whathow_q","religion_simplified"
"Other",0.156,0.1808,-0.1983,0.5103,0.1941,"",1.16882620308987,0.820123779094842,1.66579085724997,0.9705,"whathow_q","gold_standard_labels_whathow_q","religion_simplified"
"Africa",0.4425,0.1153,0.2164,0.6685,1e-04,"***",1.55659384281371,1.2415989192537,1.95130816207312,0.001,"whathow_q","gold_standard_labels_whathow_q","location_special_region"
"Asia",0.3631,0.1656,0.0386,0.6876,0.0141,"*",1.43777963001555,1.03935465862725,1.98893635327327,0.141,"whathow_q","gold_standard_labels_whathow_q","location_special_region"
"Australia and New Zealand",0.4044,0.1043,0.2001,0.6088,1e-04,"***",1.49840318837722,1.2215249045432,1.83822420568382,0.001,"whathow_q","gold_standard_labels_whathow_q","location_special_region"
"Europe",0.3332,0.0556,0.2243,0.4421,0,"***",1.3954263558343,1.25144639703802,1.55597132978749,0,"whathow_q","gold_standard_labels_whathow_q","location_special_region"
"Latin America and the Caribbean",0.282,0.0874,0.1108,0.4532,6e-04,"***",1.32577871998679,1.1171714502195,1.57333882281406,0.006,"whathow_q","gold_standard_labels_whathow_q","location_special_region"
"Middle East",0.3693,0.1412,0.0925,0.6462,0.0045,"**",1.44672155504529,1.0969131415603,1.9082755865668,0.045,"whathow_q","gold_standard_labels_whathow_q","location_special_region"
"Northern America",0.2595,0.1362,-0.0075,0.5264,0.0284,"*",1.29628178371168,0.992528054819138,1.69282714818987,0.284,"whathow_q","gold_standard_labels_whathow_q","location_special_region"
"Oceania",0.3558,0.0073,0.3414,0.3701,0,"***",1.42732205530444,1.40691589468178,1.44787939536371,0,"whathow_q","gold_standard_labels_whathow_q","location_special_region"
"UK",0.3689,0.0683,0.2351,0.5028,0,"***",1.44614298214557,1.26503526593452,1.65334415928182,0,"whathow_q","gold_standard_labels_whathow_q","location_special_region"
"US",0.3115,0.0594,0.195,0.428,0,"***",1.36547178642384,1.21531098648973,1.53418608096758,0,"whathow_q","gold_standard_labels_whathow_q","location_special_region"
"Completed Secondary School",0.3594,0.0748,0.2127,0.506,0,"***",1.43246967485931,1.23701349152497,1.6586433347503,0,"whathow_q","gold_standard_labels_whathow_q","education_recode"
"Graduate / Professional degree",0.3459,0.0688,0.2111,0.4807,0,"***",1.41326128262287,1.23503585247167,1.61720605030506,0,"whathow_q","gold_standard_labels_whathow_q","education_recode"
"Primary &/or Secondary Education",0.4882,0.1499,0.1944,0.782,6e-04,"***",1.62938069352584,1.21458201861007,2.18583957588381,0.0036,"whathow_q","gold_standard_labels_whathow_q","education_recode"
"Some University but no degree",0.2874,0.0809,0.1289,0.4459,2e-04,"***",1.33295728976922,1.13757636084158,1.56189526919709,0.0012,"whathow_q","gold_standard_labels_whathow_q","education_recode"
"University Bachelors Degree",0.3392,0.0428,0.2553,0.4232,0,"***",1.40382408195451,1.29084881743573,1.52683963335837,0,"whathow_q","gold_standard_labels_whathow_q","education_recode"
"Vocational",0.421,0.104,0.2172,0.6248,0,"***",1.52348427840875,1.24259259580673,1.86787234560316,0,"whathow_q","gold_standard_labels_whathow_q","education_recode"
